<?xml version="1.0" encoding="UTF-8"?>
<metadata xml:lang="en"><Esri><CreaDate>20170425</CreaDate><CreaTime>14523700</CreaTime><ArcGISFormat>1.0</ArcGISFormat><SyncOnce>TRUE</SyncOnce><DataProperties><lineage><Process ToolSource="c:\program files (x86)\arcgis\desktop10.5\ArcToolbox\Toolboxes\Conversion Tools.tbx\PointToRaster" Date="20170425" Time="145237">PointToRaster NRRS_PPL_1 PPL_Freq C:\Users\jamatney\Desktop\PhD\PPL_reservationdata_csv\NRRS_PPL\NRRS_PPL_1 MOST_FREQUENT NONE 0.095</Process></lineage></DataProperties></Esri></metadata>
